"Row.names","Class","p1p1x","p2p2x","h_cgvc","ang_NHs","ang_CHs","dist_NH","dist_CH","h_scvc","Kinase","Family","Group ","Resolution","Species","Quality Score"
"1FPU_A","CIDO","-0.758424244","-0.841556855","0.961347571","43.13941996","25.15824277","7.467574596","9.834692001","0.995113278"," Abl1 (ABL1)"," Abl"," TK","2.4","MOUSE","8.8"
"1GZK_A","CIDO","-0.884794688","-0.567297956","0.811244967","64.54229646","50.24852855","9.151335716","9.343287468","0.928482793","AKT2","Akt","AGC","2.3","Human","5.6"
"1GZN_A","CIDO","-0.910222531","-0.537841915","0.889457945","57.46367736","38.6741535","8.870417595","8.767866135","0.924823999","AKT2","Akt","AGC","2.5","Human","5.6"
"1IEP_A","CIDO","-0.736786923","-0.824926263","0.941697863","45.42405788","20.31699146","7.469690323","9.736136436","0.985345553","Abl1(ABL1)","Abl","TK","2.1","Mouse","7.6"
"1KV1_A","CIDO","-0.821781007","-0.896439337","0.982854398","23.8578956","45.8080247","7.281254768","9.675520897","0.991128903","MAPK14(p38a)","MAPK","CMGC","2.5","Human","7.6"
"1OPJ_A","CIDO","-0.74894829","-0.837378538","0.958080816","40.83589165","19.2259466","7.153621197","9.772829056","0.983892551","Abl1(ABL1)","Abl","TK","1.75","Mouse","7.6"
"1OPK_A","CIDO","-0.08440733","-0.792125422","0.957387434","42.21534994","37.92191675","7.084913254","8.553523064","0.982582939","Abl1(ABL1)","Abl","TK","1.8","Mouse","8"
"1RJB_A","CIDO","-0.841268891","-0.924296602","0.924478423","41.53131876","14.05738132","6.94828701","10.20505524","0.967905056","FLT3","PDGFR","TK","2.1","Human","7.2"
"1T45_A","CIDO","-0.798580725","-0.909251903","0.98576382","34.3918275","19.9221629","6.457712173","10.04466724","0.997512956","KIT","PDGFR","TK","1.9","Human","7.2"
"1T46_A","CIDO","-0.782278871","-0.76325267","0.940021038","41.43179813","17.0527279","6.907874107","9.250607491","0.974647786","KIT","PDGFR","TK","1.6","Human","7.6"
"1W82_A","CIDO","-0.670139429","-0.657421722","0.999751975","28.86328448","30.59947552","7.511040211","9.627587318","0.991853221","MAPK14(p38a)","MAPK","CMGC","2.2","Human","7.6"
"1W83_A","CIDO","-0.83302194","-0.789540279","0.99953358","34.7025607","28.09018719","7.791436195","10.0897274","0.980508193","MAPK14(p38a)","MAPK","CMGC","2.5","Human","7.2"
"1WBS_A","CIDO","-0.837107457","-0.880280114","0.998885327","29.87567968","29.54847318","7.904196739","10.2035799","0.984591882","MAPK14(p38a)","MAPK","CMGC","1.8","Human","7.2"
"1WBT_A","CIDO","-0.827852274","-0.862971517","0.997927548","29.9207515","31.09622627","7.799713135","10.15725327","0.98043813","MAPK14(p38a)","MAPK","CMGC","2","Human","7.2"
"1WBV_A","CIDO","-0.779932221","-0.840041461","0.992372084","27.38976265","35.1678892","7.861020565","9.861175537","0.979729738","MAPK14(p38a)","MAPK","CMGC","2","Human","7.6"
"2AC3_A","CIDO","-0.584287923","-0.702937529","0.98347956","33.54937044","34.41401252","7.653776169","10.18573093","0.993662533","MKNK2(MNK2)","MAPKAPK","CAMK","2.1","Human","8"
"2BAK_A","CIDO","-0.839247176","-0.876128768","0.989555806","31.84112982","28.21435363","7.757270336","10.01179695","0.9849834","MAPK14(p38a)","MAPK","CMGC","2.2","Human","6.4"
"2E2B_A","CIDO","-0.745039289","-0.839485476","0.952306033","43.05889579","21.22228835","7.421442032","9.855361938","0.986938224","ABL1","Abl","TK","2.2","Human","7.6"
"2EWA_A","CIDO","-0.829534462","0.75958712","0.989580968","29.69247798","36.94399563","7.731640339","9.160928726","0.990895578","Mapk14(p38a)","MAPK","CMGC","2.1","Mouse","6.4"
"2FO0_A","CIDO","-0.095557098","-0.802250019","0.950585983","41.40373056","36.11574169","6.881350994","8.849498749","0.971490316","ABL1","Abl","TK","2.27","Human","8"
"2HIW_A","CIDO","-0.750879805","-0.837470033","0.947954947","45.09844608","23.34835469","7.267455578","9.63861084","0.989641532","ABL1","Abl","TK","2.2","Human","8"
"2HW6_A","CIDO","-0.818950957","-0.934372785","0.928883065","43.83273508","13.19705451","9.006304741","9.463151932","0.965258956","MKNK1(MNK1)","MAPKAPK","CAMK","2.5","Human","7.2"
"2HYY_A","CIDO","-0.712111269","-0.81455744","0.968016019","40.36244673","23.65575996","7.303766727","9.894633293","0.992472869","ABL1","Abl","TK","2.4","Human","7.7"
"2HZI_A","CIDO","-0.043671573","-0.819147599","0.946855781","44.11835403","38.55361558","6.992771149","8.771361351","0.96712384","ABL1","Abl","TK","1.7","Human","9.7"
"2I0Y_A","CIDO","-0.83149856","-0.882963898","0.930769206","44.82196429","14.30465408","7.279558182","7.692606449","0.977180912","GSF1R(FMS)","PDGFR","TK","1.9","Human","8"
"2I1M_A","CIDO","-0.777072803","-0.869143026","0.967582935","42.47028215","15.56695048","7.543570518","7.620657444","0.991626947","GSF1R(FMS)","PDGFR","TK","1.8","Human","8"
"2OO8_X","CIDO","-0.731947731","-0.82405396","0.980086533","35.32449002","28.70953145","7.401799679","9.790070534","0.99267015","TEK (TIE2)","Tie","TK","2.2","Human","4"
"2PUU_A","CIDO","-0.810332124","-0.807475153","0.998052697","31.86158734","30.6196557","7.641756058","9.553393364","0.998182229","Mapk14 (p38a)","MAPK"," CMGC","2.5","Mouse","5.2"
"2QU6_A","CIDO","-0.721022119","-0.788105105","0.95475555","42.74599101","13.16736519","6.954091549","10.08136463","0.98901899","KDR","VEGFR","TK","2.1","Human","5.2"
"2XIR_A","CIDO","-0.728226389","-0.724664563","0.974902945","38.93698453","18.31811651","6.63298893","9.729000092","0.996759516"," KDR","VEGFR","TK","1.5","Human","7.6"
"2YIS_A","CIDO","-0.848989768","-0.85174722","0.990328692","28.27630136","32.94981945","6.930726528","9.396975517","0.992725365","MAPK14 (p38a)","MAPK"," CMGC","2","Human","4"
"2YIW_A","CIDO","-0.846425819","-0.872065051","0.992384927","27.28840722","32.84295983","7.063980103","9.557496071","0.993303994","MAPK14 (p38a)","MAPK"," CMGC","2","Human","4"
"3BE2_A","CIDO","-0.663699412","-0.752237325","0.976160639","40.77773169","22.76149368","6.927381039","10.07174969","0.99511896","KDR","VEGFR"," TK","1.75","Human","6.8"
"3BEA_A","CIDO","-0.840233353","-0.90413004","0.947398322","44.85983192","20.89242298","6.714180946","7.914258003","0.979508497","CSF1R (FMS)","PDGFR","TK","2.02","Human","8"
"3BV2_A","CIDO","-0.845635719","0.817954746","0.99373427","32.4377975","27.09586403","7.711096287","9.547941208","0.995586918","MAPK14 (p38a)","MAPK","CMGC","2.4","Human","7.2"
"3BYS_A","CIDO","-0.768718691","-0.855837482","0.959214113","39.4701208","22.58150733","7.210735798","9.688177109","0.985485041","LCK"," Src","TK","2.2","Human","7.6"
"3BYU_A","CIDO","-0.778705115","-0.847613052","0.954440685","40.30349972","21.1494802","7.215546608","9.467666626","0.985939377","LCK"," Src","TK","2.3","Human","7.6"
"3C1X_A","CIDO","-0.736637821","-0.83184673","0.887251011","62.80519701","26.99593452","8.30372715","10.40806675","0.970602138","MET","Met","TK","2.17","Human","6.8"
"3C7Q_A","CIDO","-0.696358593","-0.660831477","0.977509354","42.45052654","26.10773048","6.166986942","9.468679428","0.998301313"," KDR","VEGFR","TK","2.1","Human","6.8"
"3CP9_A","CIDO","-0.735640732","-0.79576447","0.966776379","43.20772696","14.79299137","6.957017899","10.12928581","0.992967891"," KDR"," VEGFR","TK","2.5","Human","5.2"
"3CPC_A","CIDO","-0.831846244","-0.879237851","0.942335135","47.56819795","18.08953005","7.225290775","10.5266819","0.981792229"," KDR"," VEGFR","TK","2.4","Human","4.4"
"3CS9_A","CIDO","-0.767273255","-0.836129397","0.968100861","37.1518645","25.62124051","6.850096703","9.719939232","0.989339606","ABL1","Abl","TK","2.21","Human","7.6"
"3CTQ_A","CIDO","-0.730583302","-0.836199188","0.999661729","31.44348068","28.43557997","7.353312969","9.960762978","0.994847539","MAPK14 (p38a)","MAPK","CMGC","1.95","Human","7.6"
"3D83_A","CIDO","-0.812869404","-0.801901997","0.999512819","31.29471127","29.81155954","7.798800945","10.37600994","0.989254913","MAPK14 (p38a)","MAPK","CMGC","1.9","Human","7.2"
"3DPK_A","CIDO","-0.858987811","-0.9067611","0.938839765","44.51441115","20.17741356","7.042638779","7.775582314","0.979496669","CSF1R (FMS)"," PDGFR","TK","1.95","Human","8"
"3E93_A","CIDO","-0.806104351","-0.835287429","0.998404226","29.92520286","30.91940323","7.837720871","9.984374046","0.986375792","MAPK14 (p38a)","MAPK"," CMGC","2","Human","6.8"
"3EFL_A","CIDO","-0.735834751","-0.775730028","0.977406023","38.17269306","16.49750327","6.630734444","9.713813782","0.996167697","KDR","VEGFR"," TK","2.2","Human","6.4"
"3FZS_A","CIDO","-0.758816002","-0.851297551","0.934988965","43.60233775","20.89333341","6.657937527","10.5567503","0.96801225","PTK2B (PYK2)"," FAK","TK","1.75","Human","6.8"
"3G0E_A","CIDO","-0.672453497","-0.855580929","0.985128625","34.85510968","22.32131894","7.01333046","9.555855751","0.998476895","KIT","PDGFR","TK","1.6","Human","7.2"
"3GCP_A","CIDO","-0.109330142","-0.518434308","0.979118138","26.63713532","49.69823654","7.407821178","10.08240795","0.962568616","MAPK14 (p38a)"," MAPK","CMGC","2.25","Human","6.8"
"3GCQ_A","CIDO","-0.819901283","-0.823653506","0.993694359","33.57665926","31.09572138","8.455610275","9.534045219","0.996934369","MAPK14 (p38a)"," MAPK","CMGC","2","Human","7.6"
"3GCS_A","CIDO","-0.765004936","-0.804644175","0.991431168","29.37909094","41.14810189","7.940756321","10.0860014","0.999668135","MAPK14 (p38a)"," MAPK","CMGC","2.1","Human","6.9"
"3GCU_A","CIDO","-0.876915575","-0.820080902","0.999532143","31.20261325","28.72635997","7.296692371","10.18540001","0.989693489","MAPK14 (p38a)"," MAPK","CMGC","2.1","Human","8.4"
"3GI3_A","CIDO","-0.79356688","-0.841772265","0.999140334","27.03266676","32.16365934","7.019333839","9.897698402","0.998090459","MAPK14 (p38a)"," MAPK","CMGC","2.4","Human","4.4"
"3GP0_A","CIDO","-0.798212027","-0.804208826","0.996382022","29.68946959","29.21859774","7.39857769","9.655243874","0.998895579","MAPK11 (p38b)","MAPK","CMGC","1.9","Human","6.4"
"3GVU_A","CIDO","-0.71832363","-0.783101389","0.961195775","38.85862711","21.00026594","7.144312382","9.672332764","0.987803637","ABL2","Abl","TK","2.05","Human","9.8"
"3HEC_A","CIDO","-0.754267106","-0.709007217","0.998878842","27.85797005","33.67638454","7.625436783","10.18821716","0.995366665","MAPK14 (p38a)","MAPK","CMGC","2.5","Human","4.8"
"3HEG_A","CIDO","-0.747206599","-0.807919297","0.991218159","27.58995793","41.75572523","7.611782551","9.984289169","0.998245699","MAPK14 (p38a)"," MAPK","CMGC","2.2","Human","6.9"
"3HMI_A","CIDO","-0.06942294","-0.615391973","0.962925583","42.04355211","46.72076958","6.85306406","8.776885986","0.963304145"," ABL2"," Abl"," TK","1.65","Human","9.5"
"3HV3_A","CIDO","-0.842480374","-0.837122141","0.992045767","32.92935533","30.40217533","8.02105999","9.544523239","0.997360408"," MAPK14 (p38a)","MAPK","CMGC","2","Human","8.4"
"3HV6_A","CIDO","-0.801546474","-0.834988935","0.995276388","32.16183951","31.20384963","7.560245991","9.700808525","0.998891872"," MAPK14 (p38a)","MAPK","CMGC","1.95","Human","6.8"
"3HV7_A","CIDO","-0.802843003","-0.880221352","0.985867719","30.96563942","27.93304038","7.482789993","9.809895515","0.995065055","MAPK14 (p38a)"," MAPK"," CMGC","2.4","Human","7.3"
"3IK3_A","CIDO","-0.70900977","-0.823106403","0.970930802","37.03444197","23.89897847","6.976198673","9.797196388","0.992811201","Abl1 (ABL1)"," Abl","TK","1.9","Human","8"
"3IW8_A","CIDO","-0.828855922","-0.897095529","0.985215195","28.12991906","47.27351748","7.611406326","10.02776718","0.99827172","MAPK14 (p38a)","MAPK","CMGC","2","Human","8.1"
"3K3I_A","CIDO","-0.826990456","-0.875083006","0.992901637","28.08009947","35.74158852","7.455884933","9.658299446","0.989571977"," MAPK14 (p38a)","MAPK","CMGC","1.7","Human","6"
"3K3J_A","CIDO","-0.799597992","-0.840109954","0.999301824","31.45432339","37.87166911","7.832254887","10.16102886","0.986314541","MAPK14 (p38a)","MAPK"," CMGC","2","Human","4.8"
"3K5V_A","CIDO","-0.752345209","-0.82988232","0.954327168","42.63947802","20.00167152","7.277816772","9.719608307","0.988463796","Abl1 (ABL1)","Abl","TK","1.74","Mouse","7.6"
"3KRJ_A","CIDO","-0.802064357","-0.856720135","0.909900757","49.66845603","14.62239043","7.769728184","9.862838745","0.969965885","CSF1R (FMS)"," PDGFR","TK","2.1","Human","7.2"
"3KRL_A","CIDO","-0.810653381","-0.884171279","0.959096695","37.28750631","19.79630736","6.973039627","9.761521339","0.985572704"," CSF1R (FMS)"," PDGFR","TK","2.4","Human","7.2"
"3L8S_A","CIDO","-0.074138105","-0.702502256","0.997989555","33.76077562","40.1088051","7.899978638","9.219382286","0.978270268"," MAPK14 (p38a)"," MAPK"," CMGC","2.35","Human","7.2"
"3LFE_A","CIDO","-0.757951842","-0.819578789","0.995075466","35.4625094","30.94147732","7.83949852","9.793971062","0.999155865","MAPK14 (p38a)","MAPK"," CMGC","2.3","Human","8"
"3LFF_A","CIDO","-0.658066263","-0.700974918","0.997811339","29.61355975","30.33493329","7.012732506","9.472398758","0.99588413","MAPK14 (p38a)","MAPK"," CMGC","1.5","Human","8.1"
"3MS9_A","CIDO","-0.741382328","-0.827208367","0.951871171","43.45772842","20.50710695","7.381631374","9.795305252","0.987670321"," Abl1 (ABL1)"," Abl","TK","1.8","Mouse","7.6"
"3MSS_A","CIDO","-0.760738445","-0.84223393","0.961246133","41.61372583","22.50597855","7.254836559","9.791780472","0.988720739"," Abl1 (ABL1)"," Abl","TK","1.95","Mouse","7.6"
"3MTL_A","CIDO","-0.734744893","-0.74620084","0.714468751","34.43332381","75.54000327","6.841434956","8.730156898","0.780729569","CDK16 (PCTAIRE1)","CDK","CMGC","2.4","Human","8"
"3NNU_A","CIDO","-0.779487233","-0.835384633","0.994731218","27.74191684","31.89497072","7.14647913","9.620985031","0.984048262","MAPK14 (p38a)"," MAPK"," CMGC","2.4","Human","8.8"
"3NNV_A","CIDO","-0.666892375","-0.676381696","0.999572329","29.37886814","29.43900847","6.824341297","9.771658897","0.991745275","MAPK14 (p38a)"," MAPK"," CMGC","2.1","Human","9.6"
"3NNW_A","CIDO","-0.788585982","-0.837888063","0.999240503","29.64823842","29.51048373","7.09403801","9.741891861","0.989306568","MAPK14 (p38a)"," MAPK"," CMGC","1.89","Human","7.2"
"3NNX_A","CIDO","-0.738198387","-0.764773518","0.997202295","29.10122985","29.93455496","7.086598873","9.463654518","0.996682008","MAPK14 (p38a)"," MAPK"," CMGC","2.28","Human","7.6"
"3O8T_A","CIDO","-0.751098768","-0.575598536","0.987165739","26.04110334","42.42762027","7.70266819","9.880299568","0.999596395","MAPK14 (p38a) ","MAPK"," CMGC","2","Human","7.1"
"3O8U_A","CIDO","-0.750567288","-0.780665538","0.993570095","23.78192676","39.243527","7.465156555","9.759244919","0.999494625","MAPK14 (p38a)","MAPK"," CMGC","2.1","Human","8.3"
"3OBJ_A","CIDO","-0.796846819","-0.74104505","0.969947892","38.35398144","42.20300078","8.009631157","9.827382088","0.998743774","MAPK14 (p38a)","MAPK"," CMGC","2.4","Human","4.4"
"3OXZ_A","CIDO","-0.748541153","-0.865978366","0.959731178","37.33409147","21.43416686","6.906564713","9.530491829","0.988182645","Abl1 (ABL1)"," Abl"," TK","2.2","Mouse","8.8"
"3OY3_A","CIDO","-0.71703654","-0.843359791","0.967900746","35.60299743","23.99255019","6.799726963","9.618174553","0.98985921","Abl1 (ABL1)"," Abl"," TK","1.95","Mouse","8"
"3P5K_A","CIDO","-0.772710438","-0.838780947","0.998948622","27.37880374","31.67933025","6.896002769","9.963383675","0.994457173","Mapk14 (p38a)"," MAPK","CMGC","2.09","Mouse","6.4"
"3P78_A","CIDO","-0.697900498","-0.767344128","0.991788883","26.13526467","38.93934127","7.602278233","9.763427734","0.987039058","Mapk14 (p38a)"," MAPK","CMGC","2.3","Mouse","6.4"
"3P79_A","CIDO","-0.743606301","-0.804999164","0.999566787","29.63605375","32.01055847","7.49956274","10.2767086","0.991041208","Mapk14 (p38a)"," MAPK","CMGC","2.1","Mouse","6.4"
"3P7A_A","CIDO","-0.831886673","-0.912149162","0.995996693","26.8602797","37.71054141","7.114514351","9.932932854","0.989635079","Mapk14 (p38a)"," MAPK","CMGC","2.31","Mouse","6.4"
"3P7B_A","CIDO","-0.782153945","-0.845589826","0.997970787","26.28644637","34.04304815","6.980775356","9.967930794","0.991505973","Mapk14 (p38a)"," MAPK","CMGC","1.9","Mouse","6.4"
"3P7C_A","CIDO","-0.795964397","-0.860683637","0.99586479","23.62350069","35.04631758","6.854601383","9.978210449","0.993601393","Mapk14 (p38a)"," MAPK","CMGC","2.3","Mouse","6.4"
"3PG3_A","CIDO","-0.768796597","-0.859696809","0.991859305","39.46115756","29.51101253","8.880849838","9.880517006","0.999695324","MAPK14 (p38a)","MAPK"," CMGC","2","Human","6.8"
"3PYY_A","CIDO","-0.754869547","-0.834506006","0.972324228","39.76077927","24.26961376","7.197266579","10.00865936","0.991664987","ABL1","Abl","TK","1.85","Human","7.6"
"3QRI_A","CIDO","-0.75685151","-0.848894301","0.963640581","36.73972969","25.71451117","6.792823315","9.605755806","0.989113576"," ABL1"," Abl","TK","2.1","Human","8"
"3QRJ_A","CIDO","-0.770235694","-0.861480987","0.961400682","37.2729701","25.4616336","6.788941383","9.807896614","0.984791788"," ABL1"," Abl","TK","1.82","Human","9.2"
"3RGF_A","CIDO","-0.763438531","-0.854645892","0.991147676","27.04415444","30.85986863","7.690474033","9.011450768","0.996601521"," CDK8"," CDK"," CMGC","2.2","Human","6"
"3UVR_A","CIDO","-0.84824291","-0.872619233","0.999133046","28.54804845","30.66216485","6.714137554","9.463038445","0.996512529","MAPK14 (p38a)"," MAPK"," CMGC","2.1","Human","8.5"
"3VHE_A","CIDO","-0.727157868","-0.687659494","0.976490275","34.7323648","22.07689632","6.224550724","9.74785614","0.994467785","KDR"," VEGFR","TK","1.55","Human","8"
"3VHK_A","CIDO","-0.70530229","-0.717111091","0.949985848","45.55700102","9.545032206","6.842935085","9.565597534","0.980218722"," KDR"," VEGFR","TK","2.49","Human","7.6"
"3VNT_A","CIDO","-0.723887207","-0.731396906","0.975170148","36.20872388","18.90859665","6.525095463","9.865449905","0.99322401"," KDR"," VEGFR"," TK","1.64","Human","7.6"
"3VO3_A","CIDO","-0.728616667","-0.759932086","0.976409896","35.87188117","19.19522351","6.473633766","9.590462685","0.993946985","KDR"," VEGFR"," TK","1.52","Human","7.6"
"3WZE_A","CIDO","-0.716666725","-0.754031557","0.983793592","33.71694443","22.30320355","6.256899357","9.493971825","0.996545214"," KDR"," VEGFR","TK","1.9","Human","7.6"
"3ZS5_A","CIDO","-0.114252372","-0.433250703","0.983055946","28.70965293","45.40766932","7.578547001","10.25227928","0.959466833","MAPK14 (p38a) "," MAPK"," CMGC","1.6","Human","8.2"
"3ZSG_A","CIDO","-0.045606243","-0.453461016","0.977150628","28.37622882","47.51270383","7.951692104","10.19050884","0.944133628","MAPK14 (p38a) "," MAPK"," CMGC","1.89","Human","6.8"
"4A9Y_A","CIDO","-0.839247176","-0.876128768","0.989555806","31.84112982","28.21435363","7.757270336","10.01179695","0.9849834","MAPK14 (p38a)"," MAPK"," CMGC","2.2","Human","6.4"
"4AA0_A","CIDO","-0.853033189","-0.893178285","0.989517993","32.25121493","27.90740979","7.946581364","10.25268269","0.986732102"," MAPK14 (p38a)"," MAPK"," CMGC","1.8","Human","4.4"
"4AG8_A","CIDO","-0.714402105","-0.699063558","0.975850611","38.22352348","17.00245897","6.749162674","9.805461884","0.995503695"," KDR"," VEGFR"," TK","1.95","Human","7.6"
"4AGC_A","CIDO","-0.695433384","-0.67126975","0.981539698","37.19567328","18.74917123","6.479085922","9.937626839","0.998047898"," KDR"," VEGFR"," TK","2","Human","7.6"
"4ASE_A","CIDO","-0.682254676","-0.722244137","0.975970195","37.89205623","18.24934468","6.564121246","9.774258614","0.996868319"," KDR"," VEGFR","TK","1.83","Human","7.6"
"4CKR_A","CIDO","-0.587647821","-0.608607327","0.966715884","43.23056794","18.77788709","7.032915115","10.21131611","0.987266081"," DDR1"," DDR","TK","2.2","Human","7.8"
"4F0I_A","CIDO","-0.18311437","-0.409872556","0.921762632","43.94442002","28.58675334","8.742305756","12.90684223","0.951470984"," NTRK1 (TRKA)"," Trk","TK","2.3","Human","7.2"
"4F6U_A","CIDO","-0.848147897","-0.867247115","0.979963916","25.22008769","30.0151895","7.172022343","9.560312271","0.982575061"," CDK8"," CDK","CMGC","2.1","Human","6.8"
"4F6W_A","CIDO","-0.742940287","-0.802576384","0.971482986","25.21979061","31.36599019","7.140931606","9.576947212","0.975896985","CDK8"," CDK","CMGC","2.39","Human","8"
"4GT5_A","CIDO","-0.233202555","-0.432279835","0.898831232","47.5907554","41.6282892","10.66840458","12.20360374","0.954865501"," NTRK1 (TRKA)"," Trk"," TK","2.4","Human","7.9"
"4H1M_A","CIDO","-0.751633977","-0.863142874","0.962893564","41.93464778","23.97169261","6.532400131","10.13847065","0.982407362","PTK2B (PYK2)","FAK","TK","1.99","Human","7.6"
"4HVS_A","CIDO","-0.686429412","-0.665159775","0.969655766","40.005042","15.26682916","6.701655388","10.09788322","0.993639435"," KIT","PDGFR"," TK","1.9","Human","7.2"
"4I4F_A","CIDO","0.125981768","-0.758187207","0.430667647","87.79791236","43.45487156","11.13024235","10.31263733","0.580301162","PTK2 (FAK)"," FAK"," TK","1.75","Human","4"
"4L8M_A","CIDO","-0.730287238","-0.058259076","0.989975003","26.53610426","38.03162211","7.214308262","8.525918961","0.989914422","MAPK14 (p38a)"," MAPK","CMGC","2.1","Human","8.2"
"4O91_A","CIDO","-0.734587464","-0.847744974","0.98501389","35.1892657","24.02619407","6.945692539","9.729729652","0.996345098"," MAP3K7 (TAK1)","MLK","TKL","2.39","Human","7.2"
"4P5Z_A","CIDO","-0.764154552","-0.851093984","0.98060409","40.57142218","28.80875152","7.286395073","8.52664566","0.994159123","EPHA3 (EphA3)"," Eph","TK","2","Human","8.4"
"4PMM_A","CIDO","-0.759825158","-0.847649124","0.932854306","42.86473308","21.55349838","8.253246307","10.59799194","0.973323613","NTRK1 (TRKA)"," Trk","TK","2","Human","8.8"
"4PMP_A","CIDO","-0.731383709","-0.748418849","0.977185263","34.66056479","29.29147845","8.270812035","11.50653934","0.95193851","NTRK1 (TRKA)"," Trk","TK","1.8","Human","9.3"
"4TWN_A","CIDO","-0.800074415","-0.684395326","0.987329981","44.3160541","30.50161277","7.35188818","9.845389366","0.999189298","EPHA3 (EphA3)"," Eph"," TK","1.71","Human","8.4"
"4U0I_A","CIDO","-0.68678704","-0.745805097","0.984646834","33.47637212","21.64582605","6.701668262","9.665688515","0.998170366"," KIT","PDGFR","TK","2","Human","7.6"
"5A14_A","CIDO","-0.843471806","-0.856536217","0.999506718","24.58503603","34.2623058","7.028021336","9.67128849","0.994293143","CDK2","CDK"," CMGC","2","Human","8.7"
"5BVO_A","CIDO","-0.761553548","-0.847298779","0.980084771","41.81803627","27.50360955","7.490666866","9.57359314","0.996482655","DDR1","DDR","TK","1.98","Human","8.2"
"5BVW_A","CIDO","0.259537664","-0.83859458","0.983922123","41.44420212","29.85423569","7.188597679","9.310337067","0.998385207","DDR1","DDR","TK","1.94","Human","6.4"
"5EW3_A","CIDO","-0.747977219","-0.816084067","0.988960947","31.1602609","22.5244843","6.518015862","9.615585327","0.995649347"," KDR"," VEGFR","TK","2.5","Human","7.6"
"5G6V_A","CIDO","-0.774833559","-0.828728595","0.976431266","31.44322686","26.90455327","7.557407856","9.82821846","0.993738797"," CDK16 (PCTAIRE1)"," CDK"," CMGC","2.2","Human","8.5"
"5HID_A","CIDO","-0.851264642","-0.881644598","0.998815527","33.79021285","26.6995747","7.408266068","10.34316349","0.996066574","BRAF","RAF","TKL","2.5","Human","7.2"
"5LAR_A","CIDO","-0.782750311","-0.855293383","0.995732642","28.94954559","37.35916189","7.307226181","10.01164055","0.98596372","Mapk14 (p38a)","MAPK","CMGC","1.5","MOUSE","8"
